Timestamp,Day of Week,Source IP,Destination IP,Encrypted Application Data
2023-12-03 16:55:23,Sunday,54.74.168.158,192.168.137.9,ba7f684217be69da0fba01adac0b5a54aacaf4bbca52161301fe
2023-12-03 16:56:04,Sunday,54.74.168.158,192.168.137.9,ba7f684217be69dbad44ea06d0b1479612bca3f07b3bb14b8db4
2023-12-03 16:56:44,Sunday,54.74.168.158,192.168.137.9,ba7f684217be69dcdbe325416f8b1ed7ad640dcbd9fc5e869eb9
2023-12-03 16:57:24,Sunday,54.74.168.158,192.168.137.9,ba7f684217be69ddd0268d5e4c770cdcb36dc669aa7f81a5a740
2023-12-03 16:58:01,Sunday,54.74.168.158,192.168.137.9,ba7f684217be69de35c1bb1ae931c9701bf7486f46bac50416b8357e0a511a54069ca527284c55ed7cab7101abb395f5ea513ea6f3e369c697be09b4dabbbbd5113a9820720808073bce67779dd0bd9d061b529bef6e0288e54f8913a19dffd784cad193fafff450f0d3b039f854e3657bf91c7c9c42cbb64b93fa6d1423dc9fa525299b41a42d5b85fa85056ee6e619a6beda9587cb90cb7b7ef0069f30b76c33c4f1afab63acfd6b220828c89de07bba00b2d4fba9551cdb9be48ee8b94aa48349b8d87a2494b821b168
2023-12-03 16:58:36,Sunday,54.74.168.158,192.168.137.9,ba7f684217be69df52e8e57e18e46be444ee86b53150f4da0e76
2023-12-03 16:59:17,Sunday,54.74.168.158,192.168.137.9,ba7f684217be69e0f488ad88a75032319b642baec3f98311aadf
2023-12-03 16:59:57,Sunday,54.74.168.158,192.168.137.9,ba7f684217be69e122caf9ee8aba2bd28b82bccb4dc618a7fb84
2023-12-03 17:00:37,Sunday,54.74.168.158,192.168.137.9,ba7f684217be69e29b4db1313492b695819e146e6af61a1e58ff
2023-12-03 17:01:18,Sunday,54.74.168.158,192.168.137.9,ba7f684217be69e3666bed3f383ee99a0067b98de6db5717b960
2023-12-03 17:01:58,Sunday,54.74.168.158,192.168.137.9,ba7f684217be69e41ba6a8e8b6313b39c4ccd3d769017cce3e20
2023-12-03 17:02:38,Sunday,54.74.168.158,192.168.137.9,ba7f684217be69e566c855346db3d454e86f3d02e10e3b51828d
2023-12-03 17:03:18,Sunday,54.74.168.158,192.168.137.9,ba7f684217be69e6dc8c85469ce6e7b455f0d75e6d5493d52f5d
2023-12-03 17:03:59,Sunday,54.74.168.158,192.168.137.9,ba7f684217be69e7571244af8ec2a9425d41aee22c14c0ad77ea
2023-12-03 17:04:39,Sunday,54.74.168.158,192.168.137.9,ba7f684217be69e832841e44f9f9b3bc81f1f9aa795130eec5ff
2023-12-03 17:05:19,Sunday,54.74.168.158,192.168.137.9,ba7f684217be69e970f75db5f662c96c7950a1f44aa28fdf36a9
2023-12-03 17:06:01,Sunday,54.74.168.158,192.168.137.9,ba7f684217be69ea0f731bb26ed4d92fbfde7a2e5753bdbd2242
2023-12-03 17:06:39,Sunday,54.74.168.158,192.168.137.9,ba7f684217be69eb92e7e2406f07227ba5bedd29080efec538da
2023-12-03 17:07:20,Sunday,54.74.168.158,192.168.137.9,ba7f684217be69ec6ec95772e7ec75a7bdf876bd546ce993c13a
2023-12-03 17:08:00,Sunday,54.74.168.158,192.168.137.9,ba7f684217be69ed6bb50a07710ee210a4b81443b6987e45e73f
2023-12-03 17:08:40,Sunday,54.74.168.158,192.168.137.9,ba7f684217be69ee2c9bc77ff17d7d421d115a4563cd49007527
2023-12-03 17:09:20,Sunday,54.74.168.158,192.168.137.9,ba7f684217be69efaae9876ba64a16f0b1575d91cf3e6ec3cad4
2023-12-03 17:10:00,Sunday,54.74.168.158,192.168.137.9,ba7f684217be69f07bda63b145ab6f10cbb7d2c1b66c9ba63b2c
2023-12-03 17:10:41,Sunday,54.74.168.158,192.168.137.9,ba7f684217be69f1b3cce4dbb31a23017dece0c74c7c586de3f6
2023-12-03 17:11:21,Sunday,54.74.168.158,192.168.137.9,ba7f684217be69f286639916270d0cf408195187890d66e459b9
2023-12-03 17:12:01,Sunday,54.74.168.158,192.168.137.9,ba7f684217be69f3c2387edc91ca0c76b8ead47f4f764ce3c7dc
2023-12-03 17:12:41,Sunday,54.74.168.158,192.168.137.9,ba7f684217be69f45fe66cd65a87d6308ebc86414c5347268aab
2023-12-03 17:13:22,Sunday,54.74.168.158,192.168.137.9,ba7f684217be69f5879b672aabc4eac3344afa69eb6214fba995
2023-12-03 17:14:02,Sunday,54.74.168.158,192.168.137.9,ba7f684217be69f613c6d3c031c50ba95a2d4f04ac3c84212dbe
2023-12-03 17:14:42,Sunday,54.74.168.158,192.168.137.9,ba7f684217be69f7b1c1a6a6807984ec58f6ea4096c60415b516
2023-12-03 17:15:22,Sunday,54.74.168.158,192.168.137.9,ba7f684217be69f84a316d7d3d5f856b86f57edba7272b71ee60
2023-12-03 17:16:02,Sunday,54.74.168.158,192.168.137.9,ba7f684217be69f91b7714240e9cc4dc48cf6b8c9448d5caac7c
2023-12-03 17:16:43,Sunday,54.74.168.158,192.168.137.9,ba7f684217be69fa46b71a95d556eba253d3ab7689676f1133f4
2023-12-03 17:17:23,Sunday,54.74.168.158,192.168.137.9,ba7f684217be69fb0e4e5a21e9b79f7bc9289811cef4a0d8b222
2023-12-03 17:18:03,Sunday,54.74.168.158,192.168.137.9,ba7f684217be69fc4d7721452b6807b4d3032b702ab1eb6cc96c
2023-12-03 17:18:43,Sunday,54.74.168.158,192.168.137.9,ba7f684217be69fd586ae90ce2c986fe8e7b2406e3685a41381a
2023-12-03 17:19:24,Sunday,54.74.168.158,192.168.137.9,ba7f684217be69fe36c686d78de1806f0985be353228bcb0e972
2023-12-03 17:20:04,Sunday,54.74.168.158,192.168.137.9,ba7f684217be69ffe3cb09c70e02f204c6624894253dad654685
2023-12-03 17:20:44,Sunday,54.74.168.158,192.168.137.9,ba7f684217be6a0078a464b516443cb783101fc9a9ab5cc2c8b7
2023-12-03 17:21:24,Sunday,54.74.168.158,192.168.137.9,ba7f684217be6a014c1818eb45b18e2769a4ef29a2cd60b5e81b
2023-12-03 17:22:05,Sunday,54.74.168.158,192.168.137.9,ba7f684217be6a0202e1dc84ec78012dd4dba483659a23bfe174
2023-12-03 17:22:38,Sunday,54.74.168.158,192.168.137.9,ba7f684217be6a03e9f10e71aff715901f84f3ca790db9281e2a148ecdd41b20e3bc6b044a5af8faff5f0318e174694ae7d4fb6c86becb1b03a6725161cca908c87750512f0dd013f9f0786b25d9482bf996452e442df780b83b4e32bc695cb1a212c9e6e0f6cc67d1ea1651f25b3d921a73dafbecaeb48f8f9b8ea93d91dd4e6d2023968c422278756d3e8f9442ff54f87d51d2e4
2023-12-03 17:23:19,Sunday,54.74.168.158,192.168.137.9,ba7f684217be6a049e81de95500686d3dfcfbb199602b8a04e82
2023-12-03 17:23:59,Sunday,54.74.168.158,192.168.137.9,ba7f684217be6a05391a29b9318265cb136f726ca7cc4275fc48
2023-12-03 17:24:39,Sunday,54.74.168.158,192.168.137.9,ba7f684217be6a061b843d2c377e02a8ec6ba8e3979b5c99791c
2023-12-03 17:25:19,Sunday,54.74.168.158,192.168.137.9,ba7f684217be6a07fa5e472afa64b79c2916582c6d31bbc00578
2023-12-03 17:25:59,Sunday,54.74.168.158,192.168.137.9,ba7f684217be6a08f0bf12bc7aa30d5a9579803175f91db3b5b8
2023-12-03 17:26:40,Sunday,54.74.168.158,192.168.137.9,ba7f684217be6a0954ec3da29a042196f1353ace6a586703264e
2023-12-03 17:27:20,Sunday,54.74.168.158,192.168.137.9,ba7f684217be6a0a71c65c1ee152d6c52d61781c5adb184f2bf9
2023-12-03 17:28:00,Sunday,54.74.168.158,192.168.137.9,ba7f684217be6a0b712e6dfbaab433358d5b348a536f9d72e18d
2023-12-03 17:28:40,Sunday,54.74.168.158,192.168.137.9,ba7f684217be6a0c408a44f1d8b0b774ac5ae5bd8bce99a7c088
2023-12-03 17:29:21,Sunday,54.74.168.158,192.168.137.9,ba7f684217be6a0d280d9b59a8bc1379dcc7142b12b8d038b551
2023-12-03 17:30:01,Sunday,54.74.168.158,192.168.137.9,ba7f684217be6a0e3844eae7670f5714d25887afee8c121ea1ae
2023-12-03 17:30:41,Sunday,54.74.168.158,192.168.137.9,ba7f684217be6a0f32edb12d35125f914859fc442be01143c1f6
2023-12-03 17:31:21,Sunday,54.74.168.158,192.168.137.9,ba7f684217be6a105b54501a532cd1498952308eb77982f75458
2023-12-03 17:32:01,Sunday,54.74.168.158,192.168.137.9,ba7f684217be6a1101ee2089a1dd151b05560088daca6c5c575a
2023-12-03 17:32:42,Sunday,54.74.168.158,192.168.137.9,ba7f684217be6a129c5bd2578b765ddeacbada1f99f3f9a46d76
2023-12-03 17:33:22,Sunday,54.74.168.158,192.168.137.9,ba7f684217be6a13c816b84d12dc964b355e76b8f2f809d98ae1
2023-12-03 17:34:02,Sunday,54.74.168.158,192.168.137.9,ba7f684217be6a1486f16fffdfe1fac6f2fdaf27422a011ee1aa
2023-12-03 17:34:42,Sunday,54.74.168.158,192.168.137.9,ba7f684217be6a1541aed357c4ae3ff60acbd6f0952213ce5833
2023-12-03 17:35:22,Sunday,54.74.168.158,192.168.137.9,ba7f684217be6a165f471121a37ff3b120f6859ec200f8751379
2023-12-03 17:36:03,Sunday,54.74.168.158,192.168.137.9,ba7f684217be6a171f711eb575ec43a63991173890c1a8812de3
2023-12-03 17:36:43,Sunday,54.74.168.158,192.168.137.9,ba7f684217be6a18566b0713ec080c594b2170c02e7b6ce89bc1
2023-12-03 17:37:23,Sunday,54.74.168.158,192.168.137.9,ba7f684217be6a19a5421144af07bc809631685229a70dbbb4a8
2023-12-03 17:38:03,Sunday,54.74.168.158,192.168.137.9,ba7f684217be6a1adc929c5e3ab1d8a302085d830ffa0c9a0ba4
2023-12-03 17:38:44,Sunday,54.74.168.158,192.168.137.9,ba7f684217be6a1b23d34d7353204878092237d11356479c3b19
2023-12-03 17:39:23,Sunday,54.74.168.158,192.168.137.9,ba7f684217be6a1c320977232fa164a3da92d1236b6e0a3f25f8
2023-12-03 17:40:04,Sunday,54.74.168.158,192.168.137.9,ba7f684217be6a1d186fdecb11a99d6f792396fcfdf28b03bc3d
2023-12-03 17:40:44,Sunday,54.74.168.158,192.168.137.9,ba7f684217be6a1e77c326b7baab4e82afb2fcc7c0bb669b668a
2023-12-03 17:41:24,Sunday,54.74.168.158,192.168.137.9,ba7f684217be6a1fdedeca5c68219a772c6c89c2cc58052200e9
2023-12-03 17:42:04,Sunday,54.74.168.158,192.168.137.9,ba7f684217be6a20d90864b07b028f675d428115656eae2740a9
2023-12-03 17:42:44,Sunday,54.74.168.158,192.168.137.9,ba7f684217be6a21987388a04fd103fd330f6e07ee6d149be669
2023-12-03 17:43:25,Sunday,54.74.168.158,192.168.137.9,ba7f684217be6a228ffb72b28597a9c74b9839587eb798fc6f1b
2023-12-03 17:44:06,Sunday,54.74.168.158,192.168.137.9,ba7f684217be6a235159cc5941086336d61bd20af9c29ca1a3b2
2023-12-03 17:44:46,Sunday,54.74.168.158,192.168.137.9,ba7f684217be6a241ec4d2280b0be5221a3476dd3f4e48765250
2023-12-03 17:45:27,Sunday,54.74.168.158,192.168.137.9,ba7f684217be6a2522cc8b30d50e5c8b0d006ca357cb4e676531
2023-12-03 17:46:07,Sunday,54.74.168.158,192.168.137.9,ba7f684217be6a26f6cf735ffaf2b10ff7a8de63ee26c0eb0fcf
2023-12-03 17:46:47,Sunday,54.74.168.158,192.168.137.9,ba7f684217be6a2792544f6d901c00a9043e45fc680c18b177ec
2023-12-03 17:47:27,Sunday,54.74.168.158,192.168.137.9,ba7f684217be6a2862222167ced1dbe041605ec3b55c5f0d123d
2023-12-03 17:48:07,Sunday,54.74.168.158,192.168.137.9,ba7f684217be6a29562d029390e264760843511a3b60cd554f1f
2023-12-03 17:48:47,Sunday,54.74.168.158,192.168.137.9,ba7f684217be6a2a4b3577634f4cfd047d5c8a1f273cdcdd0dd9
2023-12-03 17:49:21,Sunday,54.74.168.158,192.168.137.9,ba7f684217be6a2b8050018a9af5dd1e6224caa626cc6d4188d2707baaca4b6f7a49ceb2c1697c8c03f033543be392bd6ee10d5028202b5d62e723355676e784a43c5e88cfd19a4697da9cd41d415e094c3b0cbc5e8fb35e118167c1a05bce7a044e8c2324fe8c28bdcccbb0aaeb2def273f631c0472292e0e84bc6d85153bb649e3981a4b8dc360c6131a54ef8f56afa264a2a8
2023-12-03 17:50:01,Sunday,54.74.168.158,192.168.137.9,ba7f684217be6a2c964a5cc03a4c730f2226dac1c483c3cadc26
2023-12-03 17:50:41,Sunday,54.74.168.158,192.168.137.9,ba7f684217be6a2dad7bae9e073a05e8ffb7eb7376abb23a3fb0
2023-12-03 17:51:22,Sunday,54.74.168.158,192.168.137.9,ba7f684217be6a2efb2d65969d8dff1a39211f4e0737825c9ea9
2023-12-03 17:52:03,Sunday,54.74.168.158,192.168.137.9,ba7f684217be6a2f2bf099444f3359964619cad0338f3eafad76
2023-12-03 17:52:43,Sunday,54.74.168.158,192.168.137.9,ba7f684217be6a303c2bb2322a34cba10950a269cc56d817103a
2023-12-03 17:53:23,Sunday,54.74.168.158,192.168.137.9,ba7f684217be6a3153ee34e7450355c607c7b52a128a6219ff77
2023-12-03 17:54:03,Sunday,54.74.168.158,192.168.137.9,ba7f684217be6a32fa7308c162d40ed24a8fd4a2cfbe96074fc5
2023-12-03 17:54:43,Sunday,54.74.168.158,192.168.137.9,ba7f684217be6a33d5f36ff6e8c4cce42ef20cff8af9c89015e2
2023-12-03 17:55:23,Sunday,54.74.168.158,192.168.137.9,ba7f684217be6a34485fca625ed98dc435010ea5f6cb82fe9c29
2023-12-03 17:56:04,Sunday,54.74.168.158,192.168.137.9,ba7f684217be6a3512616f736ebc551802f3053cca64ac4618fd
2023-12-03 17:56:44,Sunday,54.74.168.158,192.168.137.9,ba7f684217be6a36915b061d9dd5b249298cd9eaea018678bcfa
2023-12-03 17:57:24,Sunday,54.74.168.158,192.168.137.9,ba7f684217be6a376fb0dc1680399dc8c00b4e6ccfae7d471ca4
2023-12-03 17:58:04,Sunday,54.74.168.158,192.168.137.9,ba7f684217be6a381ee6a274dceb33301f903ce9ab31c3c46c5f
2023-12-03 17:58:45,Sunday,54.74.168.158,192.168.137.9,ba7f684217be6a39b59e114807f0ae3168c02c25a948bf0ae0bb
2023-12-03 17:59:25,Sunday,54.74.168.158,192.168.137.9,ba7f684217be6a3a5f8c302559fa6fc6ca19a5ef1fd71832ca96
2023-12-03 18:00:05,Sunday,54.74.168.158,192.168.137.9,ba7f684217be6a3be4140627549496c021042ad31008e454dda6
2023-12-03 18:00:45,Sunday,54.74.168.158,192.168.137.9,ba7f684217be6a3c1c8482dc3ccfa6e3eb7aee41e19a813b28ab
2023-12-03 18:01:26,Sunday,54.74.168.158,192.168.137.9,ba7f684217be6a3d20ff7d1106eae91384022c2d471eb0608120
2023-12-03 18:02:06,Sunday,54.74.168.158,192.168.137.9,ba7f684217be6a3eea973bb7608417a0387c6de32c83424c5079
2023-12-03 18:02:46,Sunday,54.74.168.158,192.168.137.9,ba7f684217be6a3f9a0702146769b6d4b16afd0a634793872f30
2023-12-03 18:03:26,Sunday,54.74.168.158,192.168.137.9,ba7f684217be6a402d9c40f31f2f429aed2501309570c9d61498
2023-12-03 18:04:06,Sunday,54.74.168.158,192.168.137.9,ba7f684217be6a41bf18e2e4171cdc34f8b55c2e2ef370d2a190
2023-12-03 18:04:47,Sunday,54.74.168.158,192.168.137.9,ba7f684217be6a42cafb4b6fc24109f26ed9d84f488906c94773
2023-12-03 18:05:27,Sunday,54.74.168.158,192.168.137.9,ba7f684217be6a434f624a6409d3eb69cfc9dc1f05c9a76de25d
2023-12-03 18:06:07,Sunday,54.74.168.158,192.168.137.9,ba7f684217be6a440f1551ec19a3fb775d9e2b0cdd54201f6dba
2023-12-03 18:06:47,Sunday,54.74.168.158,192.168.137.9,ba7f684217be6a4512fc3978d2e8429cb145011a7db41bd6f0a8
2023-12-03 18:07:28,Sunday,54.74.168.158,192.168.137.9,ba7f684217be6a4619a054664b5193787ffb8f62c0818bfa05a3
2023-12-03 18:08:08,Sunday,54.74.168.158,192.168.137.9,ba7f684217be6a47446aa09fb3c72db928c1d6f979a173b71da9
2023-12-03 18:08:48,Sunday,54.74.168.158,192.168.137.9,ba7f684217be6a489b743eb4a2e770acc6cecee62d63c82d78d1
2023-12-03 18:09:28,Sunday,54.74.168.158,192.168.137.9,ba7f684217be6a494f9bd148b1204c4803fd579bc21f70dd6b06
2023-12-03 18:10:08,Sunday,54.74.168.158,192.168.137.9,ba7f684217be6a4aa15dba5e167e6dd5a4cc7b1115dc214ec422
2023-12-03 18:10:48,Sunday,54.74.168.158,192.168.137.9,ba7f684217be6a4b0b0d0e3cc5620b4d64de08050bc3569dfcb8
2023-12-03 18:11:29,Sunday,54.74.168.158,192.168.137.9,ba7f684217be6a4ca514b6588ea7e4d898fc7edffaa85e371e81
2023-12-03 18:12:09,Sunday,54.74.168.158,192.168.137.9,ba7f684217be6a4d40bc4cd779b1218a61e5eeb936c8d96cf453
2023-12-03 18:12:49,Sunday,54.74.168.158,192.168.137.9,ba7f684217be6a4e69abb468d5c6dc8511b7f60cd8949cf6a59b
2023-12-03 18:13:29,Sunday,54.74.168.158,192.168.137.9,ba7f684217be6a4f9e0386e1bcd1e529ac8e9eb0ef8a2bc0b65c
2023-12-03 18:14:09,Sunday,54.74.168.158,192.168.137.9,ba7f684217be6a5073f0f60627ffa1051d3fa7aaf131e9f74351
2023-12-03 18:14:50,Sunday,54.74.168.158,192.168.137.9,ba7f684217be6a515e8e01e98354109d7df1e1b036db8186a915
2023-12-03 18:15:30,Sunday,54.74.168.158,192.168.137.9,ba7f684217be6a520bf0b03d6e40e2eb836ea9ec78eca4bea788
2023-12-03 18:16:10,Sunday,54.74.168.158,192.168.137.9,ba7f684217be6a5370beb60c540f35e7660608580a1b6d9ec6bc
2023-12-03 18:16:50,Sunday,54.74.168.158,192.168.137.9,ba7f684217be6a549f4d7223ddc41723edac67814555fc34e8bd
2023-12-03 18:17:31,Sunday,54.74.168.158,192.168.137.9,ba7f684217be6a55e68fc264c5b0d473d9d1e51f52013691f73f
2023-12-03 18:18:11,Sunday,54.74.168.158,192.168.137.9,ba7f684217be6a56d66d97d1f8593b7ae226bd1b7c76906a5836
2023-12-03 18:18:51,Sunday,54.74.168.158,192.168.137.9,ba7f684217be6a5733830c167429e00b419958596129308bc59a
2023-12-03 18:19:31,Sunday,54.74.168.158,192.168.137.9,ba7f684217be6a58d2e093a44832b2d0a448dc7eaa7cf2380c4b
2023-12-03 18:20:11,Sunday,54.74.168.158,192.168.137.9,ba7f684217be6a5910898435e8b965fce64001cca9b6da13fc4f
2023-12-03 18:20:51,Sunday,54.74.168.158,192.168.137.9,ba7f684217be6a5a84a3a96d77afad7e5b3f42fe3912eae5cd34
2023-12-03 18:21:32,Sunday,54.74.168.158,192.168.137.9,ba7f684217be6a5b536c505c4c06e71ded62e2f96c10be78da79
2023-12-03 18:22:12,Sunday,54.74.168.158,192.168.137.9,ba7f684217be6a5c75ffdc7300cfbc0031bf7347c72558b03de9
2023-12-03 18:22:52,Sunday,54.74.168.158,192.168.137.9,ba7f684217be6a5d605eac80a31d2fb59dc1098d3ccf8a6c075f
2023-12-03 18:23:32,Sunday,54.74.168.158,192.168.137.9,ba7f684217be6a5eeab8d76bf1671664841b15e4f6aca86e462a
2023-12-03 18:24:12,Sunday,54.74.168.158,192.168.137.9,ba7f684217be6a5f2d90ed50ef7af894b5b5a3f674bae024f106
2023-12-03 18:24:53,Sunday,54.74.168.158,192.168.137.9,ba7f684217be6a609ffae15d9821169a511ff18ee8038beb4abf
2023-12-03 18:25:33,Sunday,54.74.168.158,192.168.137.9,ba7f684217be6a614b6a038008cf67261275ac7aebbb4037a95e
2023-12-03 18:26:13,Sunday,54.74.168.158,192.168.137.9,ba7f684217be6a62284288771d24f7e157040c76ab772bef77b2
2023-12-03 18:26:53,Sunday,54.74.168.158,192.168.137.9,ba7f684217be6a63c388c91c419f9d74501353a10772f31ab09a
2023-12-03 18:27:34,Sunday,54.74.168.158,192.168.137.9,ba7f684217be6a646376c6013c4b450339023ad1118b91e53326
2023-12-03 18:28:14,Sunday,54.74.168.158,192.168.137.9,ba7f684217be6a6599ac98363ee7962a67b80d82b02ed07d63d6
2023-12-03 18:28:54,Sunday,54.74.168.158,192.168.137.9,ba7f684217be6a66238886ca30184d99b19c85991c73dc266e95
2023-12-03 18:29:34,Sunday,54.74.168.158,192.168.137.9,ba7f684217be6a67b582104c9651c9b2bd29fabddac4308afb12
2023-12-03 18:30:14,Sunday,54.74.168.158,192.168.137.9,ba7f684217be6a68eaeb04754512c0db3d1027cf4cf0a58b34bf
2023-12-03 18:30:54,Sunday,54.74.168.158,192.168.137.9,ba7f684217be6a692df4372839032f9e9be37f1d2c7b95b2c4c5
2023-12-03 18:31:35,Sunday,54.74.168.158,192.168.137.9,ba7f684217be6a6a770f198e8b54e4625e5320c8ed26b04c4d09
2023-12-03 18:32:15,Sunday,54.74.168.158,192.168.137.9,ba7f684217be6a6b23327d73a9a4c1e02058159f201eac5ac381
2023-12-03 18:32:55,Sunday,54.74.168.158,192.168.137.9,ba7f684217be6a6c0c04baa49dedee6826fe757511ff3cef9940
2023-12-03 18:33:35,Sunday,54.74.168.158,192.168.137.9,ba7f684217be6a6d5450f7d1ae2e02901774e599b647096e9434
2023-12-03 18:34:16,Sunday,54.74.168.158,192.168.137.9,ba7f684217be6a6e144250bdc66cac4f8e30bcbf8f3e37c3bdf3
2023-12-03 18:34:56,Sunday,54.74.168.158,192.168.137.9,ba7f684217be6a6ffd743a7a71bae80f54a47ffe2fd203bdd289
2023-12-03 18:35:36,Sunday,54.74.168.158,192.168.137.9,ba7f684217be6a7049f11a07634b9cbc304b7d4bc6a95bba7729
2023-12-03 18:36:16,Sunday,54.74.168.158,192.168.137.9,ba7f684217be6a71be33456539f22815592e0c3320ecf5464e0d
2023-12-03 18:36:57,Sunday,54.74.168.158,192.168.137.9,ba7f684217be6a72cbd7263dcfde9d40b87033542179d8033eea
2023-12-03 18:37:37,Sunday,54.74.168.158,192.168.137.9,ba7f684217be6a735c387794c4d186d5982f0b732b153816cace
2023-12-03 18:38:17,Sunday,54.74.168.158,192.168.137.9,ba7f684217be6a74ee04b26a82a8eae9722a757b7d3575c93778
2023-12-03 18:38:57,Sunday,54.74.168.158,192.168.137.9,ba7f684217be6a75438ea9564960b8aaeeda6957a034440d57ee
2023-12-03 18:39:37,Sunday,54.74.168.158,192.168.137.9,ba7f684217be6a7634b490d59dc780f08961333be8135028b4ad
2023-12-03 18:40:18,Sunday,54.74.168.158,192.168.137.9,ba7f684217be6a7705401f40be9fb27fa78b48928bb618a7a838
2023-12-03 18:40:57,Sunday,54.74.168.158,192.168.137.9,ba7f684217be6a78f815c423ac827f4b8d0589f2fc06746c655e
2023-12-03 18:41:38,Sunday,54.74.168.158,192.168.137.9,ba7f684217be6a79b1b645904f8864b81be1f598114a93dd8ad4
2023-12-03 18:42:18,Sunday,54.74.168.158,192.168.137.9,ba7f684217be6a7a53b60f4aad5d063ffaf5a3331b6242335ebb
2023-12-03 18:42:58,Sunday,54.74.168.158,192.168.137.9,ba7f684217be6a7b415dff3fd4c5c192be57c496f31df04b15f0
2023-12-03 18:43:38,Sunday,54.74.168.158,192.168.137.9,ba7f684217be6a7ce13b5e1ddf691da7e474b769cc50d7bc08b3
2023-12-03 18:44:19,Sunday,54.74.168.158,192.168.137.9,ba7f684217be6a7d06f36f331fb741ccdd465d412cfd6b9fdaef
2023-12-03 18:44:59,Sunday,54.74.168.158,192.168.137.9,ba7f684217be6a7efa290cbcb4dad22945cf7784f583cf64c3f6
2023-12-03 18:45:39,Sunday,54.74.168.158,192.168.137.9,ba7f684217be6a7ff237102112e3e37f95ae51c7050472a6e2b7
2023-12-03 18:46:19,Sunday,54.74.168.158,192.168.137.9,ba7f684217be6a8084e0e2aee4651352e71bc1f12009bf8dcbf4
2023-12-03 18:46:59,Sunday,54.74.168.158,192.168.137.9,ba7f684217be6a8176c9089faaf36623fa690890089bc0750a06
2023-12-03 18:47:40,Sunday,54.74.168.158,192.168.137.9,ba7f684217be6a82e3b9cef54e67d6d98668100b39f47fd9fced
2023-12-03 18:48:20,Sunday,54.74.168.158,192.168.137.9,ba7f684217be6a83803815fc3ef4af59b63e5236b27d3e63f982
2023-12-03 18:49:00,Sunday,54.74.168.158,192.168.137.9,ba7f684217be6a84e0db2ae6b00206c3b94117ea27b3d2a6a8ea
2023-12-03 18:49:40,Sunday,54.74.168.158,192.168.137.9,ba7f684217be6a8516ca366eaa03b2a3bd685f207b2a3e36677e
2023-12-03 18:50:21,Sunday,54.74.168.158,192.168.137.9,ba7f684217be6a86740cf02393cdc06bc7f58577f1192511fe64
2023-12-03 18:51:01,Sunday,54.74.168.158,192.168.137.9,ba7f684217be6a8761fa5089a52284bae3116977cd141bc53671
2023-12-03 18:51:41,Sunday,54.74.168.158,192.168.137.9,ba7f684217be6a882ba4eb146d7013984f087d6a6e169d8b9504
2023-12-03 18:52:21,Sunday,54.74.168.158,192.168.137.9,ba7f684217be6a89b95be133a0effb15927003df5e7526980fc2
2023-12-03 18:53:01,Sunday,54.74.168.158,192.168.137.9,ba7f684217be6a8aafec48c271b71b86ce43276651a1f36364bf
2023-12-03 18:53:42,Sunday,54.74.168.158,192.168.137.9,ba7f684217be6a8bb98b572728ebc3fc731f8d598f5f780832dd
2023-12-03 18:54:22,Sunday,54.74.168.158,192.168.137.9,ba7f684217be6a8c592028e034b8a41473471ff54b0bae6293cc
2023-12-03 18:55:02,Sunday,54.74.168.158,192.168.137.9,ba7f684217be6a8d2ff9c2c6ff1657db9afedfaa57a28a4aefd9
2023-12-03 18:55:42,Sunday,54.74.168.158,192.168.137.9,ba7f684217be6a8e996b92dc371b88b372706afc007930bd570a
2023-12-03 18:56:22,Sunday,54.74.168.158,192.168.137.9,ba7f684217be6a8fc6f3b516cef3159268f5a554a4eba7d33050
2023-12-03 18:57:03,Sunday,54.74.168.158,192.168.137.9,ba7f684217be6a90af952163557d4ea9077bb1db0327314782b4
2023-12-03 18:57:43,Sunday,54.74.168.158,192.168.137.9,ba7f684217be6a91c038e8752feda202d6e52787e1e705333c6d
2023-12-03 18:58:23,Sunday,54.74.168.158,192.168.137.9,ba7f684217be6a92ff97608e48500df59c4c45f106db97575783
2023-12-03 18:59:03,Sunday,54.74.168.158,192.168.137.9,ba7f684217be6a930019ca9b2847f84550a623977cd1f0703c90
2023-12-03 18:59:44,Sunday,54.74.168.158,192.168.137.9,ba7f684217be6a947f9b9ae805fa822bb049875ed71c435a5a0d
2023-12-03 19:00:23,Sunday,54.74.168.158,192.168.137.9,ba7f684217be6a95ce9a65063ab9fc7cece1f45043c219f575d7
2023-12-03 19:01:04,Sunday,54.74.168.158,192.168.137.9,ba7f684217be6a967b24d22b74c6b85c69282678c9539312923a
2023-12-03 19:01:44,Sunday,54.74.168.158,192.168.137.9,ba7f684217be6a97cd8acedf419619e39bb7ad0dc214ec343d95
2023-12-03 19:02:24,Sunday,54.74.168.158,192.168.137.9,ba7f684217be6a98f96df249c45b79f63c6537fc0a4ff8a6ff8b
2023-12-03 19:03:04,Sunday,54.74.168.158,192.168.137.9,ba7f684217be6a9973efb7aad487bdc933fbafe9928db0d8819d
2023-12-03 19:03:45,Sunday,54.74.168.158,192.168.137.9,ba7f684217be6a9afc3ad88086be97c8f53d04ad4dcd15956458
2023-12-03 19:04:25,Sunday,54.74.168.158,192.168.137.9,ba7f684217be6a9b43b952baf0e475ec70bdaedb1537a4003e9c
2023-12-03 19:05:05,Sunday,54.74.168.158,192.168.137.9,ba7f684217be6a9c6f998a5fa35ea3161bda380069ec2be7fed5
2023-12-03 19:05:45,Sunday,54.74.168.158,192.168.137.9,ba7f684217be6a9dbd1a25844777620d33ea0502229003595b4d
2023-12-03 19:06:26,Sunday,54.74.168.158,192.168.137.9,ba7f684217be6a9e8e6f9ef22195e30750c6d74d5877f843537e
